{"type": "block", "layer": 11, "block": 0, "features": [{"geom": {"triangles": {"v": [-2114.9795288965106, -911.276683312899, 0.0, -2152.9795288965106, -972.604808312899, 0.0, -2103.9795288965106, -1051.182933312899, 0.0, -1828.9795288965106, -1040.073558312899, 0.0, -2111.9795288965106, -837.057933312899, 0.0, -1759.9795288965106, -967.886058312899, 0.0, -2058.9795288965106, -712.495433312899, 0.0, -1692.9795288965106, -892.714183312899, 0.0, -1667.9795288965106, -776.682933312899, 0.0, -2035.9795288965106, -614.417308312899, 0.0, -1646.9795288965106, -678.261058312899, 0.0, -1668.9795288965106, -530.682933312899, 0.0, -2016.9795288965106, -529.636058312899, 0.0, -2029.9795288965106, -464.10480831289897, 0.0, -1610.9795288965106, -394.99543331289897, 0.0, -1996.9795288965106, -225.37043331289897, 0.0, -1864.9795288965106, -96.46418331289897, 0.0, -1934.9795288965106, -126.99543331289897, 0.0, -1575.9795288965106, -132.08918331289897, 0.0, -1835.9795288965106, -42.18293331289897, 0.0, -1583.9795288965106, -52.46418331289897, 0.0, -1593.9795288965106, 47.70769168710103, 0.0, -1840.9795288965106, 42.31706668710103, 0.0, -1624.9795288965106, 183.41081668710103, 0.0, -1673.9795288965106, 224.11394168710103, 0.0, -1884.9795288965106, 156.27019168710103, 0.0, -1871.9795288965106, 208.84831668710103, 0.0, -1872.9795288965106, 276.69206668710103, 0.0, -1702.9795288965106, 347.94206668710103, 0.0, -1805.9795288965106, 378.47331668710103, 0.0, -1750.9795288965106, 396.05144168710103, 0.0, -1656.9795288965106, 293.66081668710103, 0.0, -1915.9795288965106, 113.78581668710103, 0.0, -1873.9795288965106, -1.4798083128989674, 0.0, -1974.9795288965106, 32.44206668710103, 0.0, -1941.9795288965106, -31.401683312898967, 0.0, -1539.9795288965106, -226.35480831289897, 0.0, -1507.9795288965106, -313.57355831289897, 0.0, -2096.9795288965106, -343.83918331289897, 0.0, -1915.9795288965106, -1120.651683312899, 0.0, -2050.9795288965106, -1136.557933312899, 0.0], "f": [0, 1, 2, 3, 0, 2, 3, 4, 0, 5, 4, 3, 5, 6, 4, 6, 5, 7, 6, 7, 8, 9, 6, 8, 9, 8, 10, 11, 9, 10, 12, 9, 11, 11, 13, 12, 14, 13, 11, 14, 15, 13, 15, 14, 16, 15, 16, 17, 18, 16, 14, 18, 19, 16, 20, 19, 18, 21, 19, 20, 22, 19, 21, 23, 22, 21, 22, 23, 24, 24, 25, 22, 24, 26, 25, 27, 26, 24, 28, 27, 24, 29, 27, 28, 30, 29, 28, 31, 28, 24, 25, 32, 22, 32, 33, 22, 32, 34, 33, 33, 34, 35, 36, 18, 14, 36, 14, 37, 38, 13, 15, 3, 2, 39, 39, 2, 40]}, "centroids": [[-1829.257191952318, -420.50130259920843, 0.0]]}, "mtl": {"idx": 0}}, {"geom": {"triangles": {"v": [-1805.9795288965106, 378.47331668710103, 0.0, -2365.9795288965106, 512.129566687101, 0.0, -2365.9795288965106, 411.41081668710103, 0.0, -2365.9795288965106, 612.848316687101, 0.0, -2364.9795288965106, 713.567066687101, 0.0, -2364.9795288965106, 814.285816687101, 0.0, -2364.9795288965106, 915.004566687101, 0.0, -2364.9795288965106, 1015.723316687101, 0.0, -2364.9795288965106, 1116.457691687101, 0.0, -2364.9795288965106, 1217.176441687101, 0.0, -2364.9795288965106, 1317.895191687101, 0.0, -2364.9795288965106, 1418.613941687101, 0.0, -2064.9795288965106, 1481.160816687101, 0.0, -1964.9795288965106, 1480.926441687101, 0.0, -1750.9795288965106, 396.05144168710103, 0.0, -1864.9795288965106, 1480.723316687101, 0.0, -1764.9795288965106, 1480.910816687101, 0.0, -1664.9795288965106, 1485.270191687101, 0.0, -1564.9795288965106, 1489.629566687101, 0.0, -1702.9795288965106, 347.94206668710103, 0.0, -1656.9795288965106, 293.66081668710103, 0.0, 378.0204711034894, 1005.317066687101, 0.0, -1624.9795288965106, 183.41081668710103, 0.0, 378.0204711034894, 904.582691687101, 0.0, 378.0204711034894, 803.863941687101, 0.0, 378.0204711034894, 703.145191687101, 0.0, 378.0204711034894, 602.426441687101, 0.0, 378.0204711034894, 501.70769168710103, 0.0, 378.0204711034894, 425.34831668710103, 0.0, -1593.9795288965106, 47.70769168710103, 0.0, -1539.9795288965106, -226.35480831289897, 0.0, -1507.9795288965106, -313.57355831289897, 0.0, 518.0204711034894, -560.417308312899, 0.0, 579.0204711034894, 111.75456668710103, 0.0, 559.0204711034894, -530.448558312899, 0.0, 640.0204711034894, -471.49543331289897, 0.0, 722.0204711034894, -412.52668331289897, 0.0, 676.0204711034894, 88.64519168710103, 0.0, 803.0204711034894, -353.55793331289897, 0.0, 741.0204711034894, 73.34831668710103, 0.0, 809.0204711034894, 37.78581668710103, 0.0, 884.0204711034894, -294.58918331289897, 0.0, 965.0204711034894, -235.62043331289897, 0.0, 1046.0204711034894, -176.66730831289897, 0.0, 1036.0204711034894, 69.14519168710103, 0.0, 949.0204711034894, 114.77019168710103, 0.0, 865.0204711034894, 111.45769168710103, 0.0, 1127.0204711034894, -131.65168331289897, 0.0, 1133.0204711034894, 111.17644168710103, 0.0, 1241.0204711034894, -60.97980831289897, 0.0, 1290.0204711034894, 96.97331668710103, 0.0, 1221.0204711034894, 184.83269168710103, 0.0, 1301.0204711034894, -32.96418331289897, 0.0, 555.0204711034894, 280.33269168710103, 0.0, 478.0204711034894, 426.00456668710103, 0.0, 611.0204711034894, 426.86394168710103, 0.0, 631.0204711034894, 339.94206668710103, 0.0, 603.0204711034894, 171.42644168710103, 0.0, -1033.9795288965106, -1365.151683312899, 0.0, 492.0204711034894, -657.776683312899, 0.0, -1014.9795288965106, -1403.479808312899, 0.0, 467.0204711034894, -755.151683312899, 0.0, 439.0204711034894, -861.901683312899, 0.0, -386.9795288965106, -1889.745433312899, 0.0, 446.0204711034894, -962.386058312899, 0.0, 453.0204711034894, -1062.870433312899, 0.0, 434.0204711034894, -1775.229808312899, 0.0, 460.0204711034894, -1163.354808312899, 0.0, 466.0204711034894, -1263.839183312899, 0.0, 450.0204711034894, -1675.729808312899, 0.0, 473.0204711034894, -1364.323558312899, 0.0, 466.0204711034894, -1576.229808312899, 0.0, 481.0204711034894, -1476.714183312899, 0.0, -287.9795288965106, -1930.698558312899, 0.0, -78.9795288965106, -1973.870433312899, 0.0, -194.9795288965106, -1969.011058312899, 0.0, -102.9795288965106, -2007.323558312899, 0.0, -8.979528896510601, -2005.557933312899, 0.0, 419.0204711034894, -1874.729808312899, 0.0, 403.0204711034894, -1974.229808312899, 0.0, 41.0204711034894, -2113.167308312899, 0.0, 388.0204711034894, -2073.729808312899, 0.0, 119.0204711034894, -2216.370433312899, 0.0, 372.0204711034894, -2173.245433312899, 0.0, 357.0204711034894, -2272.745433312899, 0.0, 116.0204711034894, -2258.073558312899, 0.0, 170.0204711034894, -2353.557933312899, 0.0, 341.0204711034894, -2372.245433312899, 0.0, 232.0204711034894, -2452.307933312899, 0.0, 331.0204711034894, -2438.417308312899, 0.0, 159.0204711034894, -2441.401683312899, 0.0, 164.0204711034894, -2461.886058312899, 0.0, -509.9795288965106, -1935.511058312899, 0.0, -474.9795288965106, -1933.557933312899, 0.0, -1035.9795288965106, -1502.886058312899, 0.0, -603.9795288965106, -1969.823558312899, 0.0, -1057.9795288965106, -1601.307933312899, 0.0, -656.9795288965106, -1989.026683312899, 0.0, -1078.9795288965106, -1650.745433312899, 0.0, -1117.9795288965106, -1743.245433312899, 0.0, -749.9795288965106, -2061.386058312899, 0.0, -1154.9795288965106, -1917.245433312899, 0.0, -1150.9795288965106, -2017.886058312899, 0.0, -1111.9795288965106, -2114.761058312899, 0.0, -804.9795288965106, -2145.761058312899, 0.0, -839.9795288965106, -2200.011058312899, 0.0, -1049.9795288965106, -2235.464183312899, 0.0, -948.9795288965106, -2298.870433312899, 0.0, -1157.9795288965106, -1835.761058312899, 0.0, -1646.9795288965106, -678.261058312899, 0.0, -1610.9795288965106, -394.99543331289897, 0.0, -1668.9795288965106, -530.682933312899, 0.0, -1113.9795288965106, -1359.432933312899, 0.0, -1667.9795288965106, -776.682933312899, 0.0, -1195.9795288965106, -1389.729808312899, 0.0, -1692.9795288965106, -892.714183312899, 0.0, -1308.9795288965106, -1446.964183312899, 0.0, -1759.9795288965106, -967.886058312899, 0.0, -1389.9795288965106, -1503.729808312899, 0.0, -1828.9795288965106, -1040.073558312899, 0.0, -1505.9795288965106, -1599.636058312899, 0.0, -1915.9795288965106, -1120.651683312899, 0.0, -1580.9795288965106, 