{"type": "block", "layer": 29, "block": 0, "features": [{"geom": {"triangles": {"v": [2449.0204711034894, 547.738941687101, 0.0, 2187.0204711034894, 753.895191687101, 0.0, 2090.0204711034894, 629.676441687101, 0.0, 2444.0204711034894, 685.176441687101, 0.0, 2317.0204711034894, 827.895191687101, 0.0, 2362.0204711034894, 825.254566687101, 0.0, 2119.0204711034894, 449.95769168710103, 0.0, 2439.0204711034894, 397.09831668710103, 0.0, 2182.0204711034894, 304.58269168710103, 0.0, 2380.0204711034894, 264.94206668710103, 0.0, 2386.0204711034894, 185.64519168710103, 0.0, 2433.0204711034894, -94.51105831289897, 0.0, 2449.0204711034894, 106.36394168710103, 0.0, 2555.0204711034894, 69.36394168710103, 0.0, 2772.0204711034894, -15.214183312898967, 0.0, 2661.0204711034894, 85.22331668710103, 0.0, 2737.0204711034894, 66.72331668710103, 0.0, 2761.0204711034894, -152.65168331289897, 0.0, 2560.0204711034894, -247.80793331289897, 0.0, 2748.0204711034894, -216.08918331289897, 0.0, 2555.0204711034894, -337.66730831289897, 0.0, 2954.0204711034894, -218.72980831289897, 0.0, 3197.0204711034894, -366.72980831289897, 0.0, 2407.0204711034894, -522.667308312899, 0.0, 2322.0204711034894, -760.542308312899, 0.0, 2481.0204711034894, -1267.995433312899, 0.0, 3263.0204711034894, -1416.011058312899, 0.0, 3324.0204711034894, -398.44855831289897, 0.0, 3707.0204711034894, -771.120433312899, 0.0, 3813.0204711034894, -1199.276683312899, 0.0, 3919.0204711034894, -1056.557933312899, 0.0, 3950.0204711034894, -919.120433312899, 0.0, 3654.0204711034894, -1505.870433312899, 0.0, 3808.0204711034894, -1331.432933312899, 0.0, 3792.0204711034894, -1490.011058312899, 0.0, 3131.0204711034894, -1479.432933312899, 0.0, 2877.0204711034894, -1532.307933312899, 0.0, 2618.0204711034894, -1569.307933312899, 0.0, 2317.0204711034894, -1067.136058312899, 0.0, 2285.0204711034894, -860.979808312899, 0.0, 2322.0204711034894, -644.245433312899, 0.0], "f": [0, 1, 2, 3, 1, 0, 3, 4, 1, 5, 4, 3, 0, 2, 6, 7, 0, 6, 7, 6, 8, 8, 9, 7, 9, 8, 10, 11, 10, 8, 10, 11, 12, 12, 11, 13, 14, 13, 11, 14, 15, 13, 16, 15, 14, 14, 11, 17, 17, 11, 18, 17, 18, 19, 20, 19, 18, 21, 19, 20, 22, 21, 20, 20, 23, 22, 24, 22, 23, 25, 22, 24, 26, 22, 25, 22, 26, 27, 27, 26, 28, 28, 26, 29, 28, 29, 30, 28, 30, 31, 32, 29, 26, 29, 32, 33, 32, 34, 33, 26, 25, 35, 35, 25, 36, 36, 25, 37, 24, 38, 25, 39, 38, 24, 23, 40, 24]}, "centroids": [[2950.61476402916, -740.0326459864154, 0.0]]}, "mtl": {"idx": 0}}, {"geom": {"triangles": {"v": [534.0204711034894, 1340.473316687101, 0.0, 400.0204711034894, 1304.520191687101, 0.0, 393.0204711034894, 1282.942066687101, 0.0, 442.0204711034894, 1351.270191687101, 0.0, 402.0204711034894, 1322.504566687101, 0.0, 419.0204711034894, 1183.442066687101, 0.0, 611.0204711034894, 1338.082691687101, 0.0, 736.0204711034894, 1147.488941687101, 0.0, 757.0204711034894, 1191.832691687101, 0.0, 673.0204711034894, 1339.285816687101, 0.0, 745.0204711034894, 1360.863941687101, 0.0, 824.0204711034894, 1254.176441687101, 0.0, 800.0204711034894, 1368.051441687101, 0.0, 858.0204711034894, 1315.301441687101, 0.0, 842.0204711034894, 1352.473316687101, 0.0, 432.0204711034894, 1112.723316687101, 0.0, 457.0204711034894, 1050.395191687101, 0.0, 591.0204711034894, 991.645191687101, 0.0, 677.0204711034894, 1006.035816687101, 0.0, 736.0204711034894, 1094.738941687101, 0.0, 724.0204711034894, 1045.598316687101, 0.0, 504.0204711034894, 998.848316687101, 0.0], "f": [0, 1, 2, 0, 3, 1, 4, 1, 3, 2, 5, 0, 5, 6, 0, 6, 5, 7, 6, 7, 8, 9, 6, 8, 8, 10, 9, 8, 11, 10, 11, 12, 10, 11, 13, 12, 13, 14, 12, 7, 5, 15, 7, 15, 16, 17, 7, 16, 18, 7, 17, 18, 19, 7, 18, 20, 19, 16, 21, 17]}, "centroids": [[604.5271115005016, 1195.7807060359337, 0.0]]}, "mtl": {"idx": 0}}], "featureCount": 2, "startIndex": 0}